player_id;behalten;schliessen;beleg
31;149;136;Ablage-Regel
110;119;177;Ablage-Regel
115;16;107;Ablage-Regel
145;126;177;Ablage-Regel
253;103;177;Ablage-Regel
294;184;107;Ablage-Regel
295;149;136;Ablage-Regel
305;103;177;Ablage-Regel
422;149;136;Ablage-Regel
475;46;88;Ablage-Regel
510;189;107;Ablage-Regel
612;82;20;Altsystem
613;165;107;Ablage-Regel
625;86;107;Ablage-Regel
642;103;177;Ablage-Regel
651;55;177;Ablage-Regel
664;103;177;Ablage-Regel
864;42;107;Ablage-Regel
892;131;88;Ablage-Regel
937;103;177;Ablage-Regel
940;92;129;Ablage-Regel
983;158;61;Altsystem
998;184;107;Ablage-Regel
1036;119;177;Ablage-Regel
1038;83;107;Altsystem
1121;177;129;Altsystem
1159;103;177;Ablage-Regel
1181;118;107;Ablage-Regel
1326;109;107;Ablage-Regel
1354;103;177;Ablage-Regel
1432;149;136;Ablage-Regel
1433;142;107;Ablage-Regel
1436;184;107;Ablage-Regel
1589;167;88;Ablage-Regel
1628;94;107;Ablage-Regel
1639;46;88;Ablage-Regel
1645;126;88;Ablage-Regel
1702;32;107;Ablage-Regel
1751;73;107;Ablage-Regel
1970;131;88;Ablage-Regel
1975;159;168;Altsystem
2024;81;177;Ablage-Regel
2119;73;107;Ablage-Regel
2243;198;177;Ablage-Regel
2259;202;88;Ablage-Regel
2260;165;107;Ablage-Regel
2275;202;107;Ablage-Regel
2332;119;177;Ablage-Regel
2424;198;107;Ablage-Regel
2432;106;107;Ablage-Regel
2543;94;107;Ablage-Regel
2546;149;136;Ablage-Regel
2603;134;125;Altsystem
2621;92;177;Ablage-Regel
2730;104;177;Ablage-Regel
2767;109;61;Altsystem
2772;96;107;Ablage-Regel
2774;68;81;Altsystem
2779;84;107;Ablage-Regel
2871;138;107;Ablage-Regel
2897;47;64;Altsystem
2931;103;177;Ablage-Regel
2978;111;107;Ablage-Regel
3042;108;107;Ablage-Regel
3074;67;190;Altsystem
3218;94;177;Ablage-Regel
3373;168;88;Ablage-Regel
3490;113;107;Ablage-Regel
3491;79;68;Altsystem
3529;186;177;Ablage-Regel
3557;144;177;Ablage-Regel
3695;168;107;Ablage-Regel
3753;92;129;Ablage-Regel
3760;168;107;Ablage-Regel
3804;187;107;Ablage-Regel
3879;96;81;Altsystem
3911;177;129;Altsystem
3974;149;136;Ablage-Regel
3979;184;107;Ablage-Regel
4048;149;107;Ablage-Regel
4168;205;88;Ablage-Regel
4232;185;107;Ablage-Regel
4239;84;107;Ablage-Regel
4260;187;107;Ablage-Regel
4338;149;136;Ablage-Regel
4359;173;177;Ablage-Regel
4490;119;177;Ablage-Regel
4568;158;107;Ablage-Regel
4617;66;187;Altsystem
4781;177;129;Altsystem
4855;186;107;Ablage-Regel
4865;149;136;Ablage-Regel
4875;119;177;Ablage-Regel
4997;96;107;Ablage-Regel
5048;133;107;Ablage-Regel
5094;51;86;Altsystem
5116;184;107;Ablage-Regel
5161;17;83;Ablage-Regel
5165;202;88;Ablage-Regel
5250;5;107;Ablage-Regel
5257;202;88;Ablage-Regel
5275;192;181;Altsystem
5304;46;134;Altsystem
5318;81;68;Altsystem
5490;202;107;Ablage-Regel
5555;97;107;Ablage-Regel
5565;184;107;Ablage-Regel
5736;128;1;Altsystem
5935;194;107;Ablage-Regel
5992;32;42;Altsystem
6165;103;177;Ablage-Regel
6177;109;107;Ablage-Regel
6187;111;88;Ablage-Regel
6242;119;177;Ablage-Regel
6312;82;69;Altsystem
6338;149;136;Ablage-Regel
6416;69;133;Altsystem
6477;149;136;Ablage-Regel
6550;164;88;Ablage-Regel
6556;107;83;Altsystem
6768;119;177;Ablage-Regel
6809;184;107;Ablage-Regel
6814;6;88;Ablage-Regel
6880;168;107;Ablage-Regel
6919;144;177;Ablage-Regel
6927;83;107;Altsystem
6950;94;107;Ablage-Regel
6982;82;107;Ablage-Regel
7057;193;45;Altsystem
7177;6;88;Ablage-Regel
7225;189;177;Ablage-Regel
7324;128;8;Altsystem
7353;189;149;Altsystem
7392;84;107;Ablage-Regel
7439;96;107;Ablage-Regel
7515;93;47;Altsystem
7538;167;88;Ablage-Regel
7585;68;81;Altsystem
7677;141;129;Ablage-Regel
7704;45;193;Altsystem
7773;119;177;Ablage-Regel
8023;83;129;Altsystem
8032;149;136;Ablage-Regel
8085;93;1;Altsystem
8221;126;177;Ablage-Regel
8223;126;177;Ablage-Regel
8238;30;96;Altsystem
8274;197;140;Altsystem
8280;66;184;Altsystem
8288;149;136;Ablage-Regel
8338;81;107;Ablage-Regel
8365;68;81;Altsystem
8469;129;88;Altsystem
8579;12;107;Ablage-Regel
8604;48;129;Ablage-Regel
8614;177;83;Altsystem
8670;225;107;Ablage-Regel
8822;103;177;Ablage-Regel
8886;119;177;Ablage-Regel
8893;46;101;Altsystem
9145;186;177;Ablage-Regel
9214;107;83;Altsystem
9229;167;88;Ablage-Regel
9266;189;177;Ablage-Regel
9372;82;177;Ablage-Regel
9418;202;107;Ablage-Regel
9463;142;107;Ablage-Regel
9605;205;88;Ablage-Regel
9617;149;136;Ablage-Regel
9825;138;107;Ablage-Regel
10258;141;107;Ablage-Regel
10335;68;107;Ablage-Regel
10672;76;107;Ablage-Regel
10775;199;131;Altsystem
10810;175;125;Altsystem
10919;109;107;Ablage-Regel
10937;134;96;Altsystem
10969;83;107;Altsystem
11299;55;88;Ablage-Regel
11354;144;185;Altsystem
11562;181;107;Ablage-Regel
11801;81;199;Altsystem
11946;44;107;Ablage-Regel
12016;119;177;Ablage-Regel
12217;202;88;Ablage-Regel
12222;186;177;Ablage-Regel
12277;53;107;Ablage-Regel
12311;96;107;Ablage-Regel
12323;189;184;Altsystem
12364;190;62;Altsystem
12705;184;107;Ablage-Regel
12859;41;107;Ablage-Regel
13104;177;129;Altsystem
13157;68;107;Ablage-Regel
13217;103;129;Ablage-Regel
13620;107;83;Altsystem
13757;112;107;Ablage-Regel
14417;68;83;Ablage-Regel
15231;125;107;Ablage-Regel
15354;123;57;Altsystem
15431;125;107;Ablage-Regel
16309;82;107;Ablage-Regel
16444;94;204;Altsystem
16727;41;71;Altsystem
16942;44;107;Ablage-Regel
17070;95;217;Altsystem
17150;108;68;Altsystem
17577;217;107;Ablage-Regel
17591;217;107;Ablage-Regel
17904;107;129;Altsystem
18030;171;107;Ablage-Regel
18368;81;170;Altsystem
18654;159;79;Altsystem
18753;134;107;Ablage-Regel
19240;94;107;Ablage-Regel
19600;227;129;Ablage-Regel
19686;202;107;Ablage-Regel
19861;184;107;Ablage-Regel
20048;224;81;Altsystem
20142;76;181;Altsystem
20265;186;107;Ablage-Regel
20769;225;107;Ablage-Regel
20987;184;107;Ablage-Regel
21372;126;129;Ablage-Regel
21774;96;107;Ablage-Regel
22063;95;107;Ablage-Regel
22244;96;107;Ablage-Regel
23495;139;107;Ablage-Regel
23557;209;107;Ablage-Regel
23608;240;107;Ablage-Regel
23904;65;107;Ablage-Regel
23996;97;107;Ablage-Regel
24193;187;3;Altsystem
24325;129;107;Altsystem
24378;91;68;Altsystem
24457;16;121;Altsystem
26157;258;107;Ablage-Regel
28439;94;107;Ablage-Regel
